index,text,confidence
0,=,0.7834
1,=,0.6931
2,,0.5498
3,-,0.287
4,HB,0.3814
5,-,0.4303
6,-,0.3967
7,=,0.5659
8,=,0.1503
9,-,0.3183
10,-,0.787
11,=,0.743
12,L,0.4382
13,=,0.8218
14,=,0.4912
15,-,0.8455
16,=,0.3253
17,-,0.3037
18,-,0.7618
19,HEH,0.2289
20,-,0.4998
21,M,0.3367
22,,0.5147
23,-,0.9147
24,,0.2795
25,E,0.2714
26,l,0.2999
27,=,0.2966
28,=,0.3865
29,=,0.7947
30,ETL,0.4255
31,-,0.788
32,-,0.6877
33,-,0.8247
34,-,0.6469
35,-,0.6174
36,,0.8195
37,L,0.4238
38,=,0.5139
39,-,0.7957
40,=,0.3457
41,D,0.2154
42,T,0.6426
43,,0.3278
44,,0.3684
45,1,0.6117
46,1,0.7156
47,=,0.2866
48,=,0.8045
49,-,0.3794
50,I,0.3954
51,i,0.3645
52,-,0.6102
53,I,0.4448
54,-,0.3928
55,1,0.4103
56,I,0.5701
57,-,0.4666
58,-,0.7409
59,-,0.5957
60,-,0.5494
61,ESE,0.2571
62,-,0.6524
63,-,0.9502
64,ir,0.423
65,E,0.6831
66,H,0.4665
67,E,0.889
68,1,0.5256
69,-,0.5587
70,-,0.8794
71,=,0.6903
72,Hh,0.2728
73,-,0.2941
74,-,0.8853
75,-,0.6665
76,m,0.2488
77,-,0.7905
78,-,0.6367
79,I,0.7442
80,-,0.6426
81,-,0.9685
82,I,0.4513
83,=,0.5462
84,L,0.4551
85,=,0.6
86,I,0.6584
87,-,0.6115
88,-,0.9234
89,1,0.6865
90,EU,0.2765
91,=,0.8645
92,I,0.4675
93,-,0.9273
94,=,0.4876
95,=,0.5628
96,B,0.4302
97,-,0.5262
98,:,0.3454
99,-,0.373
100,-,0.7266
101,1,0.3706
102,1,0.2715
103,-,0.7915
104,=,0.5965
105,L,0.4861
106,-,0.7654
107,2,0.4628
108,1,0.3722
109,-,0.8432
110,-,0.6448
111,-,0.5267
112,i,0.6819
113,-,0.6601
114,-,0.8685
115,-,0.3823
116,,0.3908
117,-,0.7691
118,-,0.1614
119,-,0.9627
120,L,0.4643
121,E,0.3633
122,1,0.8024
123,E,0.3287
124,1,0.839
125,-,0.9555
126,=,0.8089
127,-,0.869
128,1,0.4726
129,1,0.6098
130,1,0.9054
131,I,0.7125
132,l,0.315
133,-,0.8779
134,l,0.7622
135,-,0.726
136,-,0.9768
137,=,0.3354
138,L,0.54
139,=,0.4426
140,-,0.9032
141,-,0.7149
142,-,0.9754
143,-,0.7601
144,1,0.6074
145,=,0.9278
146,T,0.5377
147,-,0.8616
148,-,0.5133
149,-,0.5714
150,-,0.7701
151,=,0.547
152,1,0.9016
153,=,0.5386
154,-,0.6366
155,-,0.6458
156,-,0.5426
157,1,0.5208
158,-,0.5413
159,-,0.7515
160,BRE,0.3983
161,-,0.7706
162,=,0.9527
163,POTEEE,0.2282
164,BT,0.2107
165,-,0.7223
166,-,0.7164
167,I,0.3456
168,-,0.9244
169,=,0.3528
170,1,0.4465
171,I,0.3779
172,E,0.7812
173,-,0.5161
174,,0.7795
175,-,0.8912
176,L,0.577
177,-,0.8384
178,-,0.5145
179,,0.3038
180,-,0.6289
181,=,0.5286
182,-,0.4287
183,1,0.3112
184,M,0.2172
185,EU,0.3697
186,=,0.7805
187,1,0.4575
188,-,0.8762
189,-,0.6381
190,-,0.6773
191,-,0.7314
192,L,0.8102
193,-,0.5028
194,ETES,0.5802
195,-,0.5684
196,-,0.6016
197,-,0.8244
198,-,0.2555
199,-,0.5488
200,=,0.7014
201,D,0.6068
202,:,0.7496
203,:,0.6898
204,D,0.4593
205,M,0.4652
206,=,0.6147
207,I,0.5596
208,I,0.5988
209,=,0.7768
210,iE,0.425
211,-,0.2707
212,1,0.4733
213,1,0.4969
214,1,0.4922
215,-,0.6316
216,-,0.7715
217,L,0.2939
218,BIT,0.4125
219,ETTT,0.4763
220,1,0.4643
221,-,0.4811
222,L,0.3514
223,,0.4827
224,L,0.529
225,-,0.436
226,-,0.5412
227,-,0.7601
228,-,0.5983
229,I,0.4519
230,1,0.352
231,=,0.4167
232,-,0.3912
233,==,0.5119
234,l,0.4814
235,BE,0.332
236,EE=,0.5102
237,E,0.5589
238,=,0.3528
239,-,0.615
240,1,0.6374
241,CEE,0.4944
242,1,0.6066
243,1,0.5652
244,1,0.7734
245,1,0.4766
246,1,0.5787
247,1,0.6571
248,-,0.6049
249,-,0.4207
250,-,0.8367
251,=,0.9198
252,-,0.6175
253,-,0.5801
254,1,0.5661
255,-,0.8888
256,R,0.2379
257,1,0.3998
258,1,0.5966
259,=,0.5424
260,-,0.792
261,-,0.6381
262,1,0.56
263,I,0.193
264,=,0.4634
265,-,0.5133
266,1,0.5505
267,-,0.5298
268,-,0.5951
269,-,0.922
270,-,0.9287
271,1,0.548
272,-,0.8905
273,M,0.2073
274,A,0.5737
275,cnn,0.2165
276,ZTT,0.3257
277,I,0.4587
278,,0.1638
279,PTEE,0.3172
280,1,0.4907
281,=,0.8876
282,-,0.9847
283,-,0.5468
284,-,0.7955
285,-,0.5551
286,-,0.6781
287,1,0.2709
288,M,0.6519
289,-,0.5562
290,-,0.8842
291,-,0.7213
292,-,0.8168
293,-,0.9522
294,,0.2696
295,-,0.556
296,L,0.2792
297,,0.2143
298,1,0.9419
299,-,0.4295
300,-,0.6572
301,-,0.886
302,=,0.606
303,L,0.4963
304,=,0.573
305,=,0.5496
306,=,0.625
307,L,0.1934
308,=,0.5784
309,FT,0.3307
310,,0.8205
311,-,0.8893
312,-,0.9657
313,I,0.633
314,1,0.6138
315,1,0.5212
316,-,0.884
317,i,0.713
318,-,0.8219
319,,0.6523
320,-,0.9241
321,BE,0.3217
322,EE,0.4281
323,1,0.5439
324,-,0.6545
325,E,0.5542
326,-,0.517
327,-,0.9425
328,-,0.6307
329,M,0.2242
330,-,0.5244
331,T,0.2053
332,I,0.378
333,I,0.5092
334,=,0.771
335,-,0.6933
336,1,0.7132
337,-,0.6139
338,L,0.3908
339,,0.4429
340,-,0.6017
341,BT,0.3561
342,-,0.4384
343,IEI,0.3273
344,U,0.2288
345,ITT,0.5146
346,-,0.9393
347,1,0.302
348,-,0.4033
349,-,0.9336
350,-,0.8227
351,-,0.8724
352,L,0.5332
353,-,0.6368
354,EHME,0.2388
355,L,0.4764
356,-,0.5527
357,1,0.591
358,I,0.3648
359,ETTE,0.4843
360,,0.5554
361,al,0.2938
362,-,0.7992
363,1,0.5291
364,=,0.5873
365,-,0.6165
366,1,0.4643
367,1,0.6368
368,1,0.5713
369,1,0.5401
370,LTRE,0.3662
371,ID,0.3587
372,E,0.3443
373,=,0.607
374,I,0.6734
375,1,0.7145
376,-,0.3116
377,I,0.2442
378,-,0.2723
379,-,0.9674
380,E,0.4832
381,-,0.9469
382,TTE,0.164
383,-,0.7074
384,PEi,0.1324
385,-,0.8236
386,-,0.8675
387,I,0.3469
388,-,0.8408
389,-,0.3536
390,pomu,0.186
391,EE,0.4031
392,-,0.5907
393,-,0.9025
394,FTTTTTTE,0.398
395,HIHEE,0.4679
396,1,0.3866
397,1,0.601
398,-,0.3333
399,-,0.6216
400,-,0.8066
401,L,0.6406
402,-,0.5341
403,1,0.7628
404,-,0.8871
405,I,0.4699
406,1,0.6227
407,-,0.4882
408,-,0.4455
409,E,0.5452
410,=,0.5511
411,-,0.5015
412,,0.5499
413,l,0.2011
414,-,0.5362
415,-,0.8432
416,-,0.7903
417,-,0.9319
418,-,0.3803
419,-,0.5441
420,-,0.3828
421,-,0.9641
422,-,0.6771
423,-,0.8446
424,iEE,0.4402
425,-,0.7347
426,-,0.6979
427,-,0.96
428,=,0.4916
429,-,0.804
430,-,0.4478
431,E,0.3533
432,-,0.5923
433,=,0.4423
434,E,0.4169
435,-,0.945
436,-,0.5193
437,-,0.6967
438,FEE,0.9328
439,ELE,0.2827
440,,0.7813
441,-,0.3489
442,I,0.3802
443,-,0.4016
444,E,0.2955
445,1,0.2936
446,M,0.535
447,LE,0.4824
448,L,0.965
449,1,0.4331
450,-,0.9083
451,-,0.6633
452,L,0.6565
453,E,0.8235
454,-,0.7848
455,-,0.8217
456,1,0.278
457,,0.4115
458,,0.7943
459,-,0.3973
460,=,0.3865
461,=,0.5092
462,1,0.4849
463,L,0.375
464,-,0.8997
465,1,0.5432
466,-,0.7172
467,-,0.955
468,-,0.7688
469,LITE,0.287
470,-,0.2614
471,BT,0.2547
472,-,0.448
473,-,0.8639
474,TT,0.5042
475,1,0.7655
476,TTE,0.28
477,-,0.4803
478,ETT,0.357
479,ETIT,0.5025
480,-,0.4441
481,ELLL,0.3827
482,-,0.5072
483,-,0.4971
484,-,0.5102
485,-,0.7124
486,LETT,0.3074
487,-,0.8329
488,-,0.493
489,1,0.6013
490,,0.5309
491,T,0.3815
492,-,0.4119
493,-,0.3765
494,-,0.9597
495,-,0.6232
496,-,0.5317
497,FH,0.3196
498,-,0.9265
499,-,0.8604
500,-,0.9145
501,-,0.6503
502,:,0.6499
503,A,0.3945
504,H,0.5826
505,-,0.7893
506,-,0.8158
507,-,0.6768
508,-,0.7789
509,L,0.3678
510,-,0.4411
511,=,0.4133
512,-,0.6091
513,-,0.4697
514,-,0.7684
515,EEEL,0.3329
516,=,0.2218
517,-,0.2459
518,-,0.9508
519,-,0.4965
520,D,0.3607
521,-,0.8337
522,-,0.5135
523,-,0.908
524,-,0.8247
525,-,0.741
526,l,0.3222
527,=,0.6888
528,-,0.8322
529,-,0.873
530,ELE,0.4315
531,-,0.7509
532,-,0.6922
533,Em,0.1997
534,-,0.6874
535,:,0.8168
536,-,0.7146
537,1,0.7876
538,I,0.449
539,i,0.2788
540,=,0.8477
541,=,0.949
542,-,0.7811
543,EETER,0.1835
544,-,0.7315
545,-,0.8912
546,I,0.5235
547,E,0.3575
548,L,0.2674
549,iE,0.4635
550,lE,0.4892
551,E,0.492
552,E,0.2679
553,F,0.4625
554,-,0.6091
555,1,0.288
556,DIE,0.1786
557,Po,0.307
558,RES,0.337
559,-,0.8952
560,-,0.5245
561,EET,0.2677
562,BTI,0.3048
563,-,0.4091
564,E,0.4798
565,=,0.4285
566,-,0.6432
567,TITTTITT,0.3352
568,-,0.8065
569,L,0.5832
570,1,0.4417
571,-,0.5123
572,-E,0.5549
573,-,0.6384
574,-,0.9236
575,-,0.4553
576,l,0.4594
577,-,0.712
578,-,0.7397
579,M,0.9125
580,:,0.88
581,-,0.5883
582,=,0.7589
583,E,0.6105
584,-,0.8074
585,=,0.8022
586,=,0.6418
587,1,0.9349
588,M,0.3816
589,i=,0.5995
590,=,0.365
591,L,0.398
592,-,0.5877
593,-,0.7989
594,I,0.2333
595,I,0.4408
596,-,0.3384
597,,0.4167
598,m=,0.2701
599,-,0.4725
600,-,0.8516
601,-,0.7548
602,-,0.813
603,1,0.5698
604,1,0.5164
605,L,0.7779
606,E,0.8694
607,ET,0.7447
608,=,0.8116
609,-,0.6619
610,-,0.703
611,1,0.6211
612,-,0.2487
613,TT,0.3447
614,L,0.3797
615,-,0.3367
616,F,0.3682
617,=,0.802
618,-,0.9022
619,T,0.3145
620,-,0.6248
621,-,0.709
622,-,0.6471
623,-,0.5278
624,-,0.832
625,-,0.2196
626,=,0.6568
627,1,0.5713
628,1,0.4662
629,1,0.6465
630,-,0.6296
631,-,0.4445
632,1,0.3505
633,=,0.3993
634,TRE,0.2493
635,1,0.3653
636,Ptn,0.2206
637,-,0.4538
638,=,0.5765
639,L,0.3682
640,L,0.361
641,L,0.4706
642,-,0.5673
643,-,0.5356
644,1,0.4406
645,EUTTITT!,0.2818
646,EmT!,0.2154
647,-,0.6063
648,1,0.3372
649,1,0.6134
650,-,0.642
651,I,0.282
652,1,0.4626
653,1,0.3141
654,i,0.3601
655,-,0.5361
656,=,0.815
657,HERES,0.398
658,=,0.6425
659,=,0.4707
660,=,0.716
661,-,0.5271
662,=,0.6938
663,-,0.3602
664,1,0.4735
665,-,0.3276
666,-,0.3684
667,TTTTS,0.1213
668,P,0.1408
669,1,0.299
670,=,0.3829
671,1,0.648
672,-,0.5282
673,1,0.7124
674,,0.511
675,-,0.8991
676,E,0.4707
677,l,0.5349
678,1,0.7515
679,EE,0.4004
680,l,0.7705
681,l,0.5434
682,-,0.3847
683,-,0.7681
684,E,0.4957
685,l,0.2945
686,D,0.3581
687,LT,0.4279
688,-,0.7701
689,,0.7023
690,ET,0.5011
691,-,0.3153
692,=,0.9545
693,-,0.5009
694,-,0.8713
695,DEE,0.7018
696,,0.6373
697,,0.465
698,ET,0.381
699,1,0.5481
700,-,0.6345
701,-,0.5469
702,-,0.4865
703,-,0.9334
704,-,0.8987
705,-,0.9054
706,-,0.9162
707,-,0.9149
708,-,0.4055
709,-,0.5287
710,-,0.7959
711,=,0.4749
712,REE,0.3131
713,,0.3854
714,E,0.4319
715,1,0.8452
716,LE,0.524
717,=,0.7141
718,=,0.8181
719,=,0.5706
720,-,0.9374
721,,0.5608
722,-,0.7232
723,-,0.8554
724,-,0.5051
725,=,0.4842
726,-,0.9675
727,-,0.3066
728,-,0.6169
729,1,0.3406
730,-,0.8371
731,,0.762
732,I,0.3784
733,-,0.4808
734,,0.3187
735,-,0.8886
736,-,0.8561
737,EELLE,0.2253
738,-,0.7533
739,-,0.7423
740,-,0.6878
741,-,0.7292
742,#,0.7086
743,=,0.4413
744,-,0.6883
745,E,0.197
746,-,0.9628
747,1,0.2834
748,-,0.6919
749,1,0.5674
750,1,0.287
751,=,0.3731
752,-,0.3492
753,LE,0.4211
754,1,0.4624
755,T,0.4154
756,-,0.9086
757,,0.6029
758,-,0.6382
759,=,0.4377
760,HEETTTTE,0.3229
761,,0.1531
762,-,0.653
763,L,0.3401
764,-,0.8124
765,::,0.3294
766,-,0.8692
767,-,0.8652
768,L,0.2521
769,-,0.5892
770,-,0.7897
771,-,0.9024
772,-,0.5091
773,UNSSSS,0.4209
774,-,0.7608
775,R,0.3587
776,T,0.2537
777,1,0.4019
778,l,0.4658
779,,0.7995
780,D,0.3621
781,-,0.7255
782,-,0.3739
783,L,0.5017
784,-,0.3666
785,1,0.5146
786,I,0.2935
787,-,0.4517
788,-,0.6906
789,-,0.6682
790,-,0.2572
791,-,0.54
792,-,0.885
793,-,0.8675
794,I,0.6039
795,-,0.6876
796,1,0.577
797,-,0.4956
798,-,0.9522
799,-,0.5423
800,-,0.3798
801,,0.2135
802,-,0.9202
803,L,0.421
804,:,0.9586
805,1,0.3567
806,-,0.6463
807,-,0.5264
808,-,0.7969
809,=,0.2432
810,1,0.7613
811,-,0.9218
812,-,0.9561
813,EETRE,0.2526
814,,0.6237
815,ML,0.2631
816,=,0.7053
817,--,0.3281
818,=,0.4572
819,-,0.5378
820,=,0.6364
821,-,0.6588
822,-,0.5234
823,-,0.4648
824,l,0.2614
825,I,0.292
826,1,0.5488
827,-,0.6997
828,F,0.2499
829,=,0.5376
830,T,0.407
831,-,0.2401
832,MNT,0.3374
833,E,0.2813
834,L,0.4806
835,1,0.3333
836,,0.4812
837,-E,0.5593
838,-,0.5866
839,,0.2407
840,HE,0.4844
841,L,0.1975
842,-,0.4302
843,1,0.6787
844,-,0.9049
845,L,0.4053
846,,0.4421
847,1,0.37
848,=,0.4803
849,=,0.4971
850,-,0.9013
851,-,0.6687
852,-,0.6072
853,ET,0.4416
854,=,0.462
855,1,0.2228
856,-,0.9278
857,-,0.5865
858,1,0.6572
859,-,0.7344
860,1,0.5918
861,L,0.5178
862,1,0.295
863,-,0.9536
864,=,0.277
865,EE,0.2588
866,-,0.6821
867,,0.8067
868,-,0.9269
869,l,0.6976
870,DI,0.3559
871,-,0.579
872,,0.5318
873,-,0.4167
874,Emm,0.4272
875,DB,0.4073
876,ETIlE,0.1761
877,1,0.8228
878,TETT,0.1964
879,,0.3691
880,-,0.4529
881,-,0.7201
882,,0.4483
883,1,0.3244
884,1,0.7633
885,1,0.9253
886,1,0.8514
887,E,0.2172
888,=,0.5386
889,-,0.5401
890,B,0.2614
891,=,0.4289
892,-,0.4899
893,-,0.4202
894,-,0.9766
895,-,0.6444
896,EL,0.3619
897,:,0.5789
898,E,0.6039
899,,0.6328
900,1,0.7947
901,-,0.4764
902,-,0.8596
903,TT,0.2475
904,-,0.4948
905,-,0.8843
906,-,0.4033
907,-,0.7707
908,-,0.8686
909,i,0.528
910,-,0.5917
911,-,0.9012
912,1,0.2486
913,L,0.4841
914,=,0.9046
915,-,0.8083
916,I,0.3637
917,1,0.6881
918,-,0.7362
919,-,0.7841
920,-,0.8323
921,-,0.9171
922,1,0.6085
923,-,0.6705
924,DINT,0.1308
925,-,0.8381
926,=,0.4154
927,,0.3848
928,-,0.4338
929,-,0.3222
930,1,0.5908
931,DT,0.4939
932,1,0.7998
933,-,0.9021
934,-,0.933
935,1,0.7722
936,E,0.3043
937,ETT,0.4095
938,EITIE,0.3328
939,,0.2315
940,LIT,0.3288
941,=,0.7374
942,-,0.8702
943,E,0.2211
944,-,0.5767
945,-,0.778
946,=,0.4933
947,=,0.2967
948,-,0.8597
949,-,0.7858
950,L,0.4937
951,-,0.4718
952,T,0.3211
953,-,0.7127
954,1,0.5819
955,IEEFE,0.3179
956,-,0.8658
957,EUSTES,0.2485
958,-,0.7089
959,-,0.8897
960,1,0.6174
961,1,0.5638
962,-,0.7084
963,-,0.69
964,EC3,0.3016
965,MT,0.1625
966,-,0.7216
967,-,0.3197
968,BETE,0.2765
969,-,0.3989
970,-,0.9144
971,-,0.5344
972,-,0.6556
973,1,0.8404
974,=,0.4533
975,-,0.5552
976,F,0.3581
977,=,0.7633
978,-,0.5324
979,-,0.788
980,1,0.4456
981,BT,0.474
982,-,0.627
983,1,0.7901
984,-,0.5119
985,-,0.9377
986,-,0.9714
987,-,0.968
988,L,0.5108
989,T,0.2443
990,-,0.7958
991,-,0.8537
992,MOTIY,0.1639
993,1,0.4134
994,,0.2754
995,T,0.4683
996,-,0.8805
997,=,0.928
998,,0.5439
999,E,0.3691
1000,,0.3734
1001,-,0.5909
1002,=,0.6155
1003,-,0.4329
1004,=,0.4321
1005,-,0.7382
1006,-,0.6528
1007,-,0.705
1008,-,0.4654
1009,LLl,0.2008
1010,1,0.4307
1011,-,0.3687
1012,-,0.3674
1013,,0.8682
1014,E,0.2344
1015,-,0.5193
1016,IMETITITIT,0.2304
1017,-,0.9819
1018,-,0.8341
1019,=,0.39
1020,-,0.9782
1021,B,0.1196
1022,TT,0.402
1023,-,0.8324
1024,E,0.2616
1025,1,0.3892
1026,-,0.2358
1027,UTTTTOE,0.4078
1028,-,0.6511
1029,1,0.7152
1030,1,0.5953
1031,/,0.3171
1032,HIEE,0.2683
1033,MEE,0.3449
1034,E,0.7013
1035,-,0.6167
1036,L,0.625
1037,=,0.5154
1038,UI,0.3511
1039,-,0.9792
1040,M,0.1666
1041,-,0.4888
1042,L,0.2649
1043,-,0.4431
1044,I,0.3242
1045,1,0.3678
1046,-,0.746
1047,=,0.524
1048,1,0.408
1049,BE,0.1889
1050,-,0.6663
1051,L,0.6461
1052,-,0.8816
1053,=,0.5816
1054,-,0.7848
1055,1,0.6039
1056,T,0.702
1057,1,0.4461
1058,-,0.796
1059,=,0.2845
1060,-,0.5974
1061,-,0.452
1062,-,0.6261
1063,-,0.4633
1064,-,0.8803
1065,TITITE,0.8389
1066,-,0.6181
1067,-,0.8245
1068,1,0.4405
1069,1,0.624
1070,-,0.7314
1071,-,0.5912
1072,-,0.3385
1073,1,0.6126
1074,,0.7949
1075,1,0.6973
1076,1,0.6609
1077,-,0.9337
1078,=,0.748
1079,*,0.139
1080,-,0.7779
1081,1,0.47
1082,L,0.4579
1083,#,0.7888
1084,-,0.8147
1085,=,0.493
1086,I,0.5809
1087,1,0.4475
1088,L,0.232
1089,1,0.5785
1090,F,0.2191
1091,BEE,0.4442
1092,L=E,0.5881
1093,NEE,0.5502
1094,I,0.4661
1095,-,0.797
1096,=,0.7158
1097,-,0.3727
1098,E,0.3461
1099,-,0.4546
1100,==L,0.4737
1101,-,0.9317
1102,:E,0.2943
1103,-,0.6306
1104,-,0.9384
1105,=,0.4653
1106,EE,0.4589
1107,BT,0.2153
1108,ET,0.2476
1109,R,0.2026
1110,-,0.8073
1111,-,0.7729
1112,IERRT,0.2043
1113,-,0.8627
1114,=,0.7233
1115,=,0.3094
1116,l,0.2847
1117,=,0.876
1118,1,0.6898
1119,-,0.3498
1120,EBILTE,0.4399
1121,-,0.7904
1122,BITE,0.4312
1123,T,0.2901
1124,TE,0.1635
1125,EI,0.2571
1126,ITIE,0.2289
1127,E,0.4446
1128,=,0.2599
1129,-,0.732
1130,1,0.617
1131,BI,0.332
1132,l,0.4141
1133,-,0.6004
1134,L,0.542
1135,E,0.3175
1136,E,0.6971
1137,TEEIT,0.2073
1138,E,0.3221
1139,ummummm,0.1754
1140,-,0.7176
1141,-,0.7801
1142,-,0.8147
1143,1,0.958
1144,EERETEEETET,0.3191
1145,-,0.7033
1146,1,0.4179
1147,I,0.6617
1148,-,0.2948
1149,-,0.7365
1150,=,0.3856
1151,-,0.8984
1152,-,0.5397
1153,1,0.8762
1154,=,0.3701
1155,-,0.9718
1156,E,0.2041
1157,-,0.7407
1158,-,0.9042
1159,,0.4934
1160,=,0.3434
1161,-,0.7896
1162,1,0.65
1163,-,0.6558
1164,-,0.9503
1165,L,0.428
1166,,0.7309
1167,DHTHIE,0.2945
1168,EITITEET,0.3154
1169,1,0.309
1170,TIITE,0.4696
1171,I,0.3742
1172,-,0.6859
1173,-,0.7445
1174,-,0.4755
1175,-,0.8617
1176,I,0.5105
1177,-,0.756
1178,-,0.8758
1179,-,0.6179
1180,-,0.3566
1181,-,0.9175
1182,1,0.7588
1183,TTE,0.3098
1184,1,0.4406
1185,1,0.5366
1186,-,0.7958
1187,=,0.2675
1188,-,0.5676
1189,I,0.5444
1190,=,0.3408
1191,-,0.5975
1192,1,0.5365
1193,-,0.3229
1194,-,0.9361
1195,-,0.8554
1196,-,0.4443
1197,-,0.9682
1198,i,0.8251
1199,1,0.3711
1200,-,0.9884
1201,-,0.8643
1202,-,0.7242
1203,I,0.4295
1204,l,0.5175
1205,El,0.4901
1206,-,0.8558
1207,1,0.3966
1208,-,0.9145
1209,-,0.6851
1210,TTOR,0.1949
1211,L,0.8596
1212,I,0.4175
1213,1-,0.4082
1214,TE,0.2319
1215,:,0.3106
1216,-,0.2614
1217,l,0.3608
1218,M,0.4914
1219,-,0.8362
1220,-,0.7371
1221,-,0.8029
1222,-,0.9414
1223,-,0.9367
1224,-,0.9706
1225,M,0.23
1226,1,0.3997
1227,E,0.6126
1228,=,0.6958
1229,=,0.6475
1230,-,0.7487
1231,,0.5424
1232,1,0.4227
1233,-,0.4734
1234,-,0.6709
1235,l,0.55
1236,=,0.8827
1237,=,0.3458
1238,T,0.3847
1239,-,0.6654
1240,1,0.5264
1241,I,0.4508
1242,L,0.675
1243,L,0.4017
1244,-,0.6832
1245,E,0.4915
1246,-,0.8059
1247,:,0.4946
1248,-,0.9159
1249,L,0.4678
1250,EI,0.4653
1251,-,0.2941
1252,-,0.4014
1253,E,0.6489
1254,-,0.3342
1255,1,0.3618
1256,-,0.8992
1257,L,0.47
1258,E,0.2509
1259,-,0.816
1260,=,0.3354
1261,EB,0.6991
1262,-,0.4251
1263,-,0.5623
1264,1,0.3697
1265,=,0.77
1266,=,0.8165
1267,MOH,0.097
1268,ni,0.541
1269,,0.8932
1270,ET,0.4643
1271,E,0.2238
1272,-,0.5321
1273,-,0.5465
1274,-,0.4643
1275,-,0.7494
1276,1,0.4528
1277,LU,0.528
1278,-,0.8843
1279,=,0.3793
1280,,0.5088
1281,-,0.437
1282,1,0.3595
1283,=,0.3507
1284,TTE,0.1884
1285,1,0.4591
1286,L,0.818
1287,-,0.8513
1288,-,0.7156
1289,-,0.8804
1290,-,0.9031
1291,,0.5832
1292,=,0.4965
1293,-,0.4546
1294,-,0.4469
1295,-,0.7559
1296,=,0.664
1297,-,0.7488
1298,I,0.219
1299,,0.3672
1300,-,0.2603
1301,-,0.5345
1302,-,0.7437
1303,-,0.8844
1304,-,0.9434
1305,-,0.7334
1306,=,0.5507
1307,-,0.8796
1308,-,0.5244
1309,:,0.3572
1310,-,0.7322
1311,-,0.9545
1312,-,0.4225
1313,1,0.4383
1314,1,0.6438
1315,L,0.9011
1316,-,0.9171
1317,EIE,0.3247
1318,EIDE,0.5048
1319,EII,0.4838
1320,ELIT,0.2185
1321,FTE,0.3167
1322,T,0.7072
1323,-,0.9507
1324,1,0.3541
1325,-,0.7474
1326,=,0.1853
1327,LTTITIII,0.3821
1328,1,0.5587
1329,EITT,0.4604
1330,L,0.1871
1331,-,0.814
1332,mIE,0.3464
1333,LIIT,0.425
1334,1,0.6787
1335,1,0.7235
1336,1,0.6241
1337,HEEERBEH,0.355
1338,-,0.8927
1339,-,0.2495
1340,A,0.3166
1341,-,0.9078
1342,-,0.523
1343,-,0.3692
1344,-,0.3331
1345,-,0.91
1346,-,0.4535
1347,-,0.6045
1348,-,0.6819
1349,-,0.9248
1350,-,0.7461
1351,-,0.5781
1352,-,0.4583
1353,BETE,0.6004
1354,L,0.8971
1355,-,0.5164
1356,-,0.8119
1357,1,0.3637
1358,M,0.2613
1359,-,0.8817
1360,-,0.268
1361,n,0.1504
1362,I,0.3161
1363,LuE,0.1635
1364,1,0.4335
1365,1,0.455
1366,LT,0.5539
1367,-,0.6426
1368,=,0.8108
1369,=,0.3707
1370,JBE,0.2785
1371,-,0.8015
1372,1,0.5619
1373,1,0.5424
1374,=,0.3024
1375,=,0.7266
1376,-,0.8728
1377,L,0.4316
1378,-,0.9384
1379,i,0.6946
1380,-,0.8393
1381,-,0.529
1382,-,0.6867
1383,-,0.325
1384,1,0.4564
1385,-,0.3359
1386,-,0.5692
1387,-,0.9467
1388,L,0.5295
1389,-,0.6362
1390,-,0.5375
1391,1,0.8401
1392,-,0.6917
1393,=,0.4294
1394,M,0.356
1395,-,0.2268
1396,1,0.6091
1397,-,0.1964
1398,-,0.4427
1399,=,0.3524
1400,1,0.5096
1401,-,0.4852
1402,-,0.3935
1403,=,0.2706
1404,L,0.6311
1405,-,0.7096
1406,1,0.7765
1407,L,0.6155
1408,-,0.498
1409,-,0.617
1410,-,0.8253
1411,E,0.1821
1412,TERIR,0.3968
1413,PE,0.2475
1414,=,0.6724
1415,-,0.9008
1416,-,0.5113
1417,-,0.3599
1418,1,0.5555
1419,T,0.3983
1420,LEm,0.3723
1421,1,0.3005
1422,EEIEE,0.2704
1423,FETOT,0.2358
1424,T,0.5988
1425,-,0.4478
1426,L,0.2566
1427,=,0.6528
1428,=,0.2394
1429,E,0.7396
1430,-,0.6796
1431,-,0.8631
1432,-,0.9266
1433,-,0.5569
1434,1,0.862
1435,-,0.7418
1436,-,0.6561
1437,=,0.2917
1438,-,0.5808
1439,-,0.9159
1440,I,0.5119
1441,=,0.5512
1442,-,0.5178
1443,-,0.6477
1444,-,0.887
1445,E,0.6218
1446,-,0.3208
1447,EEL,0.4387
1448,=,0.7751
1449,-,0.5614
1450,-,0.8724
1451,-,0.7539
1452,1,0.3109
1453,-,0.7494
1454,i,0.3806
1455,1,0.7601
1456,l,0.2759
1457,B,0.2966
1458,-,0.4645
1459,mID,0.2747
1460,-,0.8631
1461,,0.5027
1462,-,0.9498
1463,-,0.2889
1464,1,0.4842
1465,1,0.5014
1466,-,0.721
1467,:,0.8196
1468,-,0.4884
1469,1,0.5524
1470,E,0.1703
1471,LT,0.359
1472,-,0.2111
1473,I,0.3077
1474,-,0.8752
1475,-,0.7515
1476,-,0.8339
1477,-,0.8417
1478,-,0.8577
1479,-,0.3653
1480,-,0.7465
1481,IE,0.3726
1482,TT,0.2063
1483,1,0.7046
1484,L,0.5733
1485,-,0.6343
1486,B,0.4396
1487,E,0.3149
1488,E,0.2424
1489,1,0.3839
1490,,0.2019
1491,,0.144
1492,-,0.9386
1493,-,0.814
1494,HETEE,0.2971
1495,-,0.5845
1496,1,0.7175
1497,T-,0.3089
1498,=,0.3064
1499,-,0.6113
1500,E,0.4946
1501,FETEEE,0.2763
1502,-,0.3358
1503,1,0.573
1504,1,0.4564
1505,1,0.8354
1506,-,0.8633
1507,-,0.7555
1508,=,0.5359
1509,1,0.3758
1510,L,0.4672
1511,=,0.6376
1512,L,0.2904
1513,-,0.8461
1514,1,0.9244
1515,L,0.775
1516,-,0.7705
1517,=,0.4203
1518,1,0.4827
1519,-,0.8432
1520,=,0.7387
1521,L,0.5392
1522,-,0.559
1523,-,0.6947
1524,-,0.6755
1525,L,0.4914
1526,BEE,0.478
1527,E,0.2163
1528,-,0.5956
1529,-,0.4302
1530,L,0.5146
1531,-,0.3083
1532,=,0.5587
1533,-,0.5422
1534,E,0.2638
1535,-,0.9115
1536,-,0.5899
1537,L,0.354
1538,-,0.5115
1539,-,0.9276
1540,-,0.5863
1541,-,0.9299
1542,HETTIF,0.2472
1543,BETIT,0.2529
1544,I,0.5162
1545,1,0.6007
1546,1,0.9043
1547,-,0.5033
1548,1,0.4373
1549,1,0.8744
1550,-,0.5467
1551,,0.5813
1552,=,0.7665
1553,-,0.6704
1554,-,0.6931
1555,I,0.2785
1556,I,0.3958
1557,L,0.5937
1558,-,0.3243
1559,GTOAT,0.4783
1560,1,0.6268
1561,I,0.5369
1562,M,0.4369
1563,-,0.4212
1564,E,0.1704
1565,P,0.3886
1566,-,0.6814
1567,EMRERRE,0.2879
1568,-,0.7635
1569,-,0.9033
1570,E,0.2943
1571,,0.3019
1572,-,0.547
1573,=,0.753
1574,1,0.674
1575,-,0.8748
1576,=,0.2446
1577,1,0.6016
1578,-,0.3479
1579,-,0.4546
1580,DIOI,0.2251
1581,L,0.6919
1582,-,0.2623
1583,HEBE,0.3622
1584,-,0.5083
1585,=,0.3449
1586,1,0.5467
1587,ET,0.387
1588,=,0.3674
1589,-,0.9404
1590,-,0.5879
1591,-,0.6554
1592,-,0.7661
1593,-,0.8502
1594,I,0.342
1595,,0.6766
1596,1,0.4937
1597,-,0.1786
1598,2ir,0.0988
1599,-,0.4169
1600,-,0.7791
1601,-,0.815
1602,-,0.6724
1603,L,0.7975
1604,-,0.4181
1605,1,0.8436
1606,-,0.7735
1607,IIM,0.1638
1608,-,0.8191
1609,-,0.8831
1610,I,0.591
1611,-,0.8802
1612,=,0.3628
1613,-,0.3373
